                  epoch,         train/box_loss,         train/cls_loss,         train/dfl_loss,   metrics/precision(B),      metrics/recall(B),       metrics/mAP50(B),    metrics/mAP50-95(B),           val/box_loss,           val/cls_loss,           val/dfl_loss,                 lr/pg0,                 lr/pg1,                 lr/pg2
                      1,                 2.2519,                 4.5003,                 2.2857,                0.22735,                0.15701,                0.15123,                0.11461,                 1.6094,                 4.7339,                  1.782,                0.06755,             0.00032778,             0.00032778
                      2,                 2.1304,                 3.5437,                  2.154,                0.87106,                 0.3774,                0.44283,                0.28965,                 1.7391,                 3.9443,                 1.8471,               0.034546,              0.0006567,              0.0006567
                      3,                   1.99,                 2.7777,                  2.006,                0.98774,                0.52599,                0.61321,                0.41048,                 1.8048,                 2.6497,                 1.7781,              0.0015367,             0.00098119,             0.00098119
                      4,                 1.8182,                 2.3564,                 1.8344,                0.81424,                   0.55,                 0.5597,                0.31309,                 1.8392,                 2.6999,                 1.7729,                0.00098,                0.00098,                0.00098
                      5,                 1.6873,                 1.9977,                 1.6949,                0.87288,                0.58333,                0.62921,                0.29357,                 1.9843,                 2.4267,                 1.8886,                0.00098,                0.00098,                0.00098
                      6,                 1.5528,                 1.7112,                 1.6201,                0.57746,                0.51488,                0.58959,                  0.328,                  1.917,                 2.2005,                 1.7595,             0.00097334,             0.00097334,             0.00097334
                      7,                 1.5983,                 1.7495,                  1.763,                0.59111,                0.63718,                0.66602,                0.36598,                 1.7083,                 1.8596,                  1.755,             0.00096667,             0.00096667,             0.00096667
                      8,                 1.6276,                 1.6842,                 1.7779,                0.67845,                0.78333,                0.70701,                0.34663,                 1.8627,                  1.702,                 1.7808,                0.00096,                0.00096,                0.00096
                      9,                 1.5221,                 1.4721,                 1.6278,                0.75583,                0.90882,                0.82504,                0.39404,                 1.9552,                 1.4522,                 1.7876,             0.00095334,             0.00095334,             0.00095334
                     10,                 1.4764,                 1.3883,                 1.5752,                0.64483,                0.78495,                0.76451,                0.35886,                 1.8818,                 1.4605,                 1.7496,             0.00094667,             0.00094667,             0.00094667
                     11,                 1.4857,                 1.3676,                 1.6033,                0.71447,                0.88333,                0.79643,                0.40253,                  1.747,                 1.4782,                 1.7015,             0.00094001,             0.00094001,             0.00094001
                     12,                 1.4431,                 1.2415,                  1.537,                0.74379,                0.81671,                0.86441,                0.42431,                 1.8951,                 1.3082,                 1.6181,             0.00093334,             0.00093334,             0.00093334
                     13,                 1.3765,                 1.1812,                 1.4846,                0.88995,                0.76203,                0.90479,                0.43082,                 1.8582,                 1.3344,                 1.7018,             0.00092667,             0.00092667,             0.00092667
                     14,                 1.4221,                 1.2358,                 1.5422,                0.85484,                0.79204,                0.89587,                0.42532,                 2.0016,                 1.2493,                 1.7463,             0.00092001,             0.00092001,             0.00092001
                     15,                  1.398,                 1.2453,                 1.5247,                0.78075,                0.90459,                0.86974,                0.42049,                 1.8789,                  1.172,                 1.6224,             0.00091334,             0.00091334,             0.00091334
                     16,                 1.3939,                  1.169,                 1.5467,                0.74977,                0.89174,                0.86413,                0.41086,                 1.8745,                 1.3028,                 1.5938,             0.00090668,             0.00090668,             0.00090668
                     17,                 1.3332,                 1.0843,                 1.4621,                0.76872,                0.95113,                0.91493,                0.43618,                  1.845,                 1.0756,                 1.5251,             0.00090001,             0.00090001,             0.00090001
                     18,                 1.3938,                 1.1259,                 1.4892,                0.82406,                   0.95,                0.93021,                0.48317,                 1.7491,                0.96708,                 1.4812,             0.00089334,             0.00089334,             0.00089334
                     19,                 1.3683,                 1.0998,                  1.499,                0.90917,                0.95657,                0.96596,                0.49653,                 1.7658,                0.87092,                 1.4971,             0.00088668,             0.00088668,             0.00088668
                     20,                 1.3068,                0.96577,                 1.4407,                0.91887,                 0.9475,                 0.9224,                0.44669,                 1.9407,                0.88128,                 1.5729,             0.00088001,             0.00088001,             0.00088001
                     21,                 1.3744,                 1.0203,                 1.5139,                0.83181,                0.86595,                0.91988,                 0.4091,                 1.9425,                 1.1092,                 1.6164,             0.00087335,             0.00087335,             0.00087335
                     22,                 1.2998,                0.90993,                 1.4454,                0.90843,                0.84611,                0.89702,                0.35475,                 2.1671,                 1.0074,                 1.7089,             0.00086668,             0.00086668,             0.00086668
                     23,                 1.3939,                0.99535,                 1.5243,                0.93789,                0.91067,                0.94087,                0.41925,                 2.0121,                0.89309,                 1.7116,             0.00086001,             0.00086001,             0.00086001
                     24,                 1.3267,                0.99456,                 1.4234,                0.90306,                0.92817,                0.92117,                0.40971,                 1.9612,                 1.0984,                   1.74,             0.00085335,             0.00085335,             0.00085335
                     25,                 1.3033,                0.95332,                 1.4441,                0.88696,                0.78588,                0.81964,                0.39114,                 1.8017,                 1.2037,                 1.6461,             0.00084668,             0.00084668,             0.00084668
                     26,                  1.245,                0.88612,                  1.415,                0.93007,                0.92622,                0.92966,                 0.4554,                 1.7172,                0.90771,                 1.6317,             0.00084002,             0.00084002,             0.00084002
                     27,                 1.2395,                0.89543,                 1.3847,                0.92178,                0.96667,                0.92431,                0.41144,                 1.8494,                 1.1254,                 1.6882,             0.00083335,             0.00083335,             0.00083335
                     28,                 1.2696,                0.91511,                 1.4393,                0.96112,                0.97857,                 0.9739,                0.45013,                 1.9148,                0.88412,                 1.5963,             0.00082668,             0.00082668,             0.00082668
                     29,                 1.3266,                0.88752,                 1.4558,                0.98015,                      1,                  0.995,                0.46051,                 1.8962,                0.84107,                 1.5469,             0.00082002,             0.00082002,             0.00082002
                     30,                 1.2504,                0.90063,                 1.4424,                0.97364,                0.98073,                0.97389,                0.43284,                 1.9126,                0.82198,                 1.5776,             0.00081335,             0.00081335,             0.00081335
                     31,                 1.2682,                 0.9227,                 1.4245,                0.95232,                 0.9136,                0.96549,                0.43529,                 1.8336,                0.89502,                 1.6049,             0.00080669,             0.00080669,             0.00080669
                     32,                 1.2504,                0.83597,                 1.3993,                0.93878,                0.93333,                0.93019,                0.41762,                 2.0452,                0.84882,                 1.6926,             0.00080002,             0.00080002,             0.00080002
                     33,                 1.3173,                 0.9283,                 1.4486,                0.96186,                0.97141,                0.97176,                0.53408,                 1.6187,                0.68192,                 1.4216,             0.00079335,             0.00079335,             0.00079335
                     34,                 1.2225,                0.83757,                 1.3537,                0.99519,                      1,                  0.995,                 0.5549,                 1.5538,                0.66066,                  1.347,             0.00078669,             0.00078669,             0.00078669
                     35,                  1.329,                0.92132,                 1.4676,                0.96258,                0.98318,                0.96497,                0.51491,                 1.7212,                0.73954,                 1.4649,             0.00078002,             0.00078002,             0.00078002
                     36,                 1.2907,                0.87558,                 1.4261,                0.98952,                      1,                  0.995,                0.50071,                 1.7827,                0.73454,                 1.5036,             0.00077336,             0.00077336,             0.00077336
                     37,                 1.2732,                0.89237,                 1.4249,                0.96698,                0.98333,                0.96693,                0.55432,                  1.607,                0.73638,                 1.4165,             0.00076669,             0.00076669,             0.00076669
                     38,                 1.2071,                0.83581,                 1.3467,                0.96097,                0.95784,                0.94928,                0.52313,                 1.6396,                0.71163,                 1.4168,             0.00076002,             0.00076002,             0.00076002
                     39,                 1.2841,                0.90322,                 1.4559,                0.96319,                0.94454,                0.95982,                0.49824,                 1.7534,                0.69317,                 1.4455,             0.00075336,             0.00075336,             0.00075336
                     40,                  1.259,                0.89586,                 1.4103,                0.97182,                0.98333,                0.97018,                0.44542,                 1.9974,                0.73746,                 1.5862,             0.00074669,             0.00074669,             0.00074669
                     41,                 1.2967,                0.91744,                 1.4485,                0.98207,                      1,                  0.995,                0.52073,                  1.717,                0.69795,                 1.4635,             0.00074003,             0.00074003,             0.00074003
                     42,                  1.245,                0.82191,                 1.4077,                0.94902,                0.96667,                 0.9713,                0.49406,                  1.793,                0.75267,                 1.4663,             0.00073336,             0.00073336,             0.00073336
                     43,                 1.2009,                0.82371,                 1.3765,                0.91211,                0.94713,                0.90972,                 0.5294,                 1.6269,                0.77325,                 1.4411,             0.00072669,             0.00072669,             0.00072669
                     44,                 1.1824,                0.77907,                 1.3725,                0.95986,                0.96195,                0.94151,                0.51979,                 1.6322,                0.71041,                 1.3616,             0.00072003,             0.00072003,             0.00072003
                     45,                 1.1657,                0.78244,                 1.3436,                0.94385,                0.95458,                0.94673,                0.50599,                  1.669,                0.69441,                 1.3746,             0.00071336,             0.00071336,             0.00071336
                     46,                 1.2154,                0.81657,                 1.3627,                0.94047,                   0.95,                0.94851,                0.48459,                 1.8119,                0.69552,                 1.5043,              0.0007067,              0.0007067,              0.0007067
                     47,                 1.2562,                 0.8768,                  1.412,                0.93897,                0.95877,                 0.9447,                0.46042,                  1.828,                0.72528,                 1.5177,             0.00070003,             0.00070003,             0.00070003
                     48,                 1.2142,                0.80595,                 1.3831,                0.97722,                0.99427,                  0.995,                0.59352,                 1.4247,                0.58907,                 1.2937,             0.00069336,             0.00069336,             0.00069336
                     49,                 1.2356,                0.85858,                 1.4126,                0.93332,                0.96667,                 0.9498,                0.47722,                  1.805,                0.71086,                 1.4821,              0.0006867,              0.0006867,              0.0006867
                     50,                 1.1571,                0.74122,                 1.3465,                0.97124,                0.98333,                0.96854,                0.51684,                 1.6885,                0.64583,                  1.421,             0.00068003,             0.00068003,             0.00068003
                     51,                 1.2188,                0.79361,                 1.4047,                0.97179,                0.98333,                 0.9722,                0.54957,                 1.6688,                0.64819,                 1.4189,             0.00067337,             0.00067337,             0.00067337
                     52,                 1.1332,                0.76199,                 1.3411,                0.84876,                0.86667,                0.79408,                0.38374,                  2.093,                0.83211,                 1.7287,              0.0006667,              0.0006667,              0.0006667
                     53,                 1.1787,                0.73136,                 1.3696,                0.94171,                0.96667,                0.94917,                0.49511,                 1.8556,                0.69426,                 1.5802,             0.00066003,             0.00066003,             0.00066003
                     54,                 1.1958,                0.78418,                 1.3612,                0.98378,                      1,                  0.995,                0.59379,                 1.4993,                0.57329,                 1.3315,             0.00065337,             0.00065337,             0.00065337
                     55,                 1.1705,                0.78151,                 1.3652,                0.97161,                0.98333,                0.97133,                0.59834,                 1.4186,                 0.5618,                 1.2866,              0.0006467,              0.0006467,              0.0006467
                     56,                 1.1229,                0.71651,                 1.3269,                0.96038,                0.98333,                0.97034,                0.53955,                 1.6049,                0.59097,                 1.3557,             0.00064004,             0.00064004,             0.00064004
                     57,                 1.1759,                0.77242,                 1.3447,                0.97372,                0.98333,                0.96782,                0.54034,                 1.6187,                0.61174,                 1.3698,             0.00063337,             0.00063337,             0.00063337
                     58,                 1.1532,                0.82258,                 1.3608,                0.96104,                0.97892,                0.96705,                0.57402,                 1.5414,                0.61808,                 1.3433,              0.0006267,              0.0006267,              0.0006267
                     59,                 1.1408,                0.74403,                 1.3395,                0.96929,                0.97936,                0.97105,                0.61091,                 1.4341,                0.58538,                 1.2763,             0.00062004,             0.00062004,             0.00062004
                     60,                   1.12,                0.73531,                 1.3047,                0.97528,                0.98333,                0.96954,                0.59388,                 1.5283,                0.57624,                 1.3098,             0.00061337,             0.00061337,             0.00061337
                     61,                   1.19,                0.73757,                 1.3461,                 0.9725,                0.98175,                0.97266,                0.64576,                 1.3408,                0.53732,                 1.2497,             0.00060671,             0.00060671,             0.00060671
                     62,                 1.0885,                0.70163,                 1.2933,                0.97711,                0.98244,                0.97389,                 0.5894,                 1.5374,                0.53259,                 1.3415,             0.00060004,             0.00060004,             0.00060004
                     63,                 1.1596,                0.73573,                 1.3308,                0.97172,                0.98333,                0.97229,                0.60046,                 1.4465,                0.53253,                 1.3016,             0.00059337,             0.00059337,             0.00059337
                     64,                 1.1436,                0.69923,                 1.3217,                0.96225,                0.98333,                0.97406,                0.60401,                 1.4626,                0.55362,                 1.3067,             0.00058671,             0.00058671,             0.00058671
                     65,                 1.1067,                0.66478,                 1.2817,                0.97041,                0.97779,                0.97293,                0.60342,                 1.4181,                0.56071,                 1.2718,             0.00058004,             0.00058004,             0.00058004
                     66,                 1.1724,                0.74983,                  1.335,                0.96967,                 0.9636,                 0.9707,                0.53467,                 1.6767,                0.62322,                 1.3982,             0.00057338,             0.00057338,             0.00057338
                     67,                 1.1577,                0.73217,                 1.3343,                0.89213,                0.95163,                0.94948,                0.44693,                 1.9066,                0.90077,                  1.543,             0.00056671,             0.00056671,             0.00056671
                     68,                 1.1503,                0.72518,                 1.3639,                0.95601,                 0.9655,                0.94571,                0.55038,                 1.5406,                0.62668,                 1.3955,             0.00056004,             0.00056004,             0.00056004
                     69,                 1.1341,                0.71135,                 1.3185,                0.96829,                 0.9823,                0.97104,                0.62119,                 1.3776,                 0.5481,                 1.2677,             0.00055338,             0.00055338,             0.00055338
                     70,                 1.0972,                0.69415,                 1.3194,                0.97452,                0.98333,                0.97441,                0.59502,                 1.5162,                0.56167,                 1.3538,             0.00054671,             0.00054671,             0.00054671
                     71,                 1.0834,                 0.6711,                 1.2585,                0.97158,                0.98333,                0.96965,                0.61898,                 1.4124,                0.53109,                 1.3069,             0.00054005,             0.00054005,             0.00054005
                     72,                 1.1023,                0.67083,                 1.3046,                 0.9705,                0.96667,                0.96987,                0.60208,                 1.4972,                 0.5621,                 1.3304,             0.00053338,             0.00053338,             0.00053338
                     73,                 1.1494,                 0.6789,                 1.2978,                0.99137,                      1,                  0.995,                 0.6138,                 1.4202,                0.56318,                 1.3055,             0.00052671,             0.00052671,             0.00052671
                     74,                   1.12,                0.67806,                 1.3142,                0.97049,                0.98057,                0.96883,                 0.6239,                 1.3514,                0.53185,                 1.2753,             0.00052005,             0.00052005,             0.00052005
                     75,                 1.0789,                0.69617,                 1.3146,                0.96939,                0.98013,                0.96793,                0.60197,                 1.4288,                0.54865,                 1.3238,             0.00051338,             0.00051338,             0.00051338
                     76,                 1.0759,                0.66298,                 1.2908,                 0.9629,                0.96221,                0.96623,                0.57677,                 1.5528,                0.60052,                 1.4049,             0.00050672,             0.00050672,             0.00050672
                     77,                 1.0929,                0.67264,                 1.2972,                0.96581,                0.97595,                 0.9695,                0.61368,                 1.4273,                0.54671,                 1.3202,             0.00050005,             0.00050005,             0.00050005
                     78,                 1.1085,                0.65359,                 1.3117,                0.96901,                0.98152,                0.96982,                0.64313,                 1.2386,                 0.4986,                 1.2384,             0.00049338,             0.00049338,             0.00049338
                     79,                 1.0821,                0.69998,                 1.3203,                0.96653,                0.98132,                0.97194,                0.64709,                 1.2707,                0.50123,                 1.2545,             0.00048672,             0.00048672,             0.00048672
                     80,                 1.0319,                0.64758,                 1.2808,                0.96311,                0.97883,                0.97305,                0.65266,                 1.2901,                0.50412,                 1.2605,             0.00048005,             0.00048005,             0.00048005
                     81,                 1.1388,                  0.711,                 1.3471,                0.96546,                0.97384,                0.97653,                0.67008,                 1.2077,                 0.4973,                 1.2119,             0.00047339,             0.00047339,             0.00047339
                     82,                  1.107,                0.68523,                 1.3291,                0.96016,                0.98333,                0.97253,                0.64179,                 1.2883,                0.50587,                 1.2385,             0.00046672,             0.00046672,             0.00046672
                     83,                 1.1042,                0.67619,                  1.318,                0.93113,                0.97882,                0.96643,                0.64827,                 1.2543,                0.51471,                 1.2307,             0.00046005,             0.00046005,             0.00046005
                     84,                 1.0516,                0.67499,                 1.2489,                0.94528,                0.97656,                0.97511,                0.59682,                 1.4524,                0.55113,                   1.32,             0.00045339,             0.00045339,             0.00045339
                     85,                 1.0872,                0.69501,                 1.3028,                0.90147,                0.98333,                0.96037,                0.64413,                   1.28,                0.50416,                  1.245,             0.00044672,             0.00044672,             0.00044672
                     86,                 1.0774,                0.67205,                 1.2901,                 0.8936,                0.97073,                0.96508,                 0.6581,                 1.2007,                0.50048,                 1.2129,             0.00044006,             0.00044006,             0.00044006
                     87,                 1.1098,                0.69952,                 1.3038,                0.91253,                0.98333,                0.96984,                0.67303,                 1.1819,                0.48151,                 1.1966,             0.00043339,             0.00043339,             0.00043339
                     88,                 1.0528,                0.62032,                 1.2689,                0.97426,                0.94446,                0.96858,                0.63089,                 1.3554,                0.50226,                 1.2731,             0.00042672,             0.00042672,             0.00042672
                     89,                 1.0951,                0.62583,                 1.2814,                0.96784,                0.98333,                0.97047,                0.65514,                 1.2226,                0.47704,                 1.2112,             0.00042006,             0.00042006,             0.00042006
                     90,                 1.0272,                0.63776,                 1.2469,                0.95997,                0.98333,                 0.9777,                0.63004,                 1.3644,                0.48694,                 1.2877,             0.00041339,             0.00041339,             0.00041339
                     91,                 1.1024,                0.66694,                 1.3074,                0.94024,                   0.95,                0.96569,                0.63897,                 1.3151,                0.48697,                   1.26,             0.00040673,             0.00040673,             0.00040673
                     92,                 1.0163,                0.62236,                  1.264,                0.97181,                0.97757,                0.97278,                0.66802,                 1.2102,                0.46358,                 1.2278,             0.00040006,             0.00040006,             0.00040006
                     93,                 1.0616,                0.66026,                 1.2809,                0.97418,                0.98174,                0.96963,                0.59956,                 1.4646,                0.50274,                 1.3511,             0.00039339,             0.00039339,             0.00039339
                     94,                 1.0736,                0.65492,                 1.2873,                0.97016,                   0.95,                0.97313,                0.62971,                 1.3391,                0.51102,                 1.2834,             0.00038673,             0.00038673,             0.00038673
                     95,                 1.0865,                0.65264,                  1.291,                0.95428,                0.97695,                0.97065,                 0.6475,                 1.2409,                0.50789,                 1.2254,             0.00038006,             0.00038006,             0.00038006
                     96,                 1.0267,                 0.6347,                 1.2583,                0.94229,                0.97872,                 0.9682,                0.58401,                 1.4467,                0.54963,                 1.3205,              0.0003734,              0.0003734,              0.0003734
                     97,                 1.0435,                0.65947,                 1.2593,                0.96962,                0.98333,                0.97729,                0.68741,                 1.1419,                0.47359,                  1.181,             0.00036673,             0.00036673,             0.00036673
                     98,                0.99179,                0.58144,                 1.2187,                0.96631,                0.98333,                0.97795,                0.67892,                 1.1746,                0.46235,                 1.2097,             0.00036006,             0.00036006,             0.00036006
                     99,                0.99183,                0.56853,                 1.2079,                0.96913,                0.96541,                0.97638,                0.69383,                 1.1174,                0.46409,                 1.1854,              0.0003534,              0.0003534,              0.0003534
                    100,                 1.0087,                0.62684,                 1.2352,                0.96879,                0.98333,                0.97417,                0.69451,                 1.1109,                 0.4458,                 1.1811,             0.00034673,             0.00034673,             0.00034673
                    101,                 1.1047,                0.63454,                 1.3101,                0.96583,                0.98333,                0.97652,                0.66715,                 1.2127,                0.46811,                 1.2267,             0.00034007,             0.00034007,             0.00034007
                    102,                 1.0925,                0.63898,                 1.2689,                0.96868,                0.98333,                0.97724,                0.63132,                 1.3628,                0.47946,                 1.2648,              0.0003334,              0.0003334,              0.0003334
                    103,                 1.0409,                0.61472,                 1.2535,                 0.9522,                0.98333,                0.97738,                0.68331,                 1.1877,                0.46491,                 1.1915,             0.00032673,             0.00032673,             0.00032673
                    104,                 1.0136,                0.58451,                 1.2285,                0.98599,                0.98971,                  0.995,                0.71745,                 1.0673,                0.44368,                 1.1558,             0.00032007,             0.00032007,             0.00032007
                    105,                 1.0604,                0.64906,                 1.2792,                0.96857,                0.98895,                0.99421,                0.68188,                 1.1779,                0.47313,                 1.2174,              0.0003134,              0.0003134,              0.0003134
                    106,                 1.0043,                 0.6096,                 1.2563,                0.98375,                      1,                  0.995,                0.66871,                 1.2149,                0.47263,                 1.2216,             0.00030674,             0.00030674,             0.00030674
                    107,                 1.0288,                0.64246,                 1.2354,                 0.9712,                0.98333,                0.97559,                0.69854,                 1.0863,                0.44321,                 1.1857,             0.00030007,             0.00030007,             0.00030007
                    108,                 1.0632,                0.64326,                 1.2969,                 0.9701,                0.98333,                 0.9746,                0.69181,                 1.0752,                0.44504,                  1.166,              0.0002934,              0.0002934,              0.0002934
                    109,                 1.0422,                0.62817,                 1.2493,                0.95678,                0.98333,                 0.9757,                0.67865,                 1.1248,                0.45221,                 1.1836,             0.00028674,             0.00028674,             0.00028674
                    110,                 1.0449,                0.61999,                 1.2394,                0.95835,                0.98333,                0.97481,                0.68281,                 1.1183,                0.45631,                 1.1898,             0.00028007,             0.00028007,             0.00028007
                    111,                 1.0744,                0.63582,                 1.2849,                0.96308,                0.98333,                0.97168,                0.69139,                  1.101,                0.44732,                 1.1822,             0.00027341,             0.00027341,             0.00027341
                    112,                 1.0138,                0.65058,                  1.251,                0.96928,                0.98333,                0.97326,                0.67513,                 1.1346,                0.44659,                 1.1839,             0.00026674,             0.00026674,             0.00026674
                    113,                0.99679,                0.58199,                  1.242,                0.96931,                 0.9803,                0.96827,                0.70188,                 1.0038,                0.42451,                 1.1426,             0.00026007,             0.00026007,             0.00026007
                    114,                 1.0093,                0.64764,                 1.2719,                0.95498,                0.98333,                0.96847,                0.68288,                  1.057,                0.43105,                 1.1642,             0.00025341,             0.00025341,             0.00025341
                    115,                0.98321,                 0.5859,                 1.2208,                0.95914,                0.98333,                0.97244,                0.67082,                 1.1095,                0.43738,                 1.1975,             0.00024674,             0.00024674,             0.00024674
                    116,                 1.0345,                0.65277,                 1.2538,                0.96376,                0.98333,                0.97582,                0.67693,                 1.1367,                0.44904,                 1.2215,             0.00024008,             0.00024008,             0.00024008
                    117,                 1.0241,                0.64071,                 1.2577,                0.97042,                0.98333,                0.97486,                 0.6769,                 1.1053,                0.43774,                 1.2039,             0.00023341,             0.00023341,             0.00023341
                    118,                0.98934,                0.59038,                 1.2351,                 0.9707,                0.98202,                0.97657,                0.65339,                 1.1938,                0.44079,                 1.2373,             0.00022674,             0.00022674,             0.00022674
                    119,                0.97213,                0.56459,                 1.2125,                0.97044,                0.97926,                0.96932,                 0.6686,                 1.0842,                0.42548,                 1.1727,             0.00022008,             0.00022008,             0.00022008
                    120,                 1.0533,                0.60991,                 1.2561,                0.96469,                0.98333,                0.97041,                0.71829,                0.95855,                 0.4027,                 1.1207,             0.00021341,             0.00021341,             0.00021341
                    121,                 1.0141,                0.58452,                 1.2383,                0.96831,                0.98189,                 0.9733,                0.68985,                 1.0724,                0.41382,                 1.1601,             0.00020675,             0.00020675,             0.00020675
                    122,                 1.0069,                0.61882,                 1.2201,                0.98127,                      1,                  0.995,                0.68417,                 1.0834,                0.42394,                 1.1772,             0.00020008,             0.00020008,             0.00020008
                    123,                  1.022,                0.59346,                 1.2505,                0.96927,                0.98131,                0.97062,                0.69406,                 1.0666,                0.41464,                 1.1568,             0.00019341,             0.00019341,             0.00019341
                    124,                 0.9744,                0.58394,                 1.2364,                 0.9685,                0.98333,                0.96944,                0.69625,                 1.0423,                0.40779,                 1.1403,             0.00018675,             0.00018675,             0.00018675
                    125,                0.97136,                0.57094,                 1.2193,                0.96598,                0.98333,                0.97134,                0.67891,                 1.0726,                0.42103,                 1.1669,             0.00018008,             0.00018008,             0.00018008
                    126,                0.98804,                0.61492,                 1.2559,                0.96961,                0.97931,                0.97067,                0.67178,                 1.1363,                0.42202,                 1.2192,             0.00017342,             0.00017342,             0.00017342
                    127,                 1.0005,                0.61375,                 1.2323,                0.95243,                0.98333,                0.96977,                0.67748,                 1.1094,                0.42128,                 1.2053,             0.00016675,             0.00016675,             0.00016675
                    128,                 1.0881,                0.62356,                 1.2809,                0.96005,                0.98333,                0.97001,                 0.6612,                 1.1941,                0.44036,                 1.2218,             0.00016008,             0.00016008,             0.00016008
                    129,                0.95837,                0.58199,                 1.2128,                0.95568,                0.98333,                0.96773,                  0.646,                  1.247,                0.45123,                 1.2292,             0.00015342,             0.00015342,             0.00015342
                    130,                 1.0162,                 0.6294,                  1.229,                0.95429,                0.98333,                0.96768,                0.67331,                 1.1627,                0.43608,                 1.1743,             0.00014675,             0.00014675,             0.00014675
                    131,                 1.0039,                0.58974,                 1.2324,                 0.9703,                0.97594,                0.96757,                0.69492,                 1.0485,                0.41132,                 1.1361,             0.00014009,             0.00014009,             0.00014009
                    132,                 1.0226,                0.58047,                 1.2413,                 0.9702,                0.97567,                0.96903,                0.68913,                  1.086,                  0.418,                 1.1539,             0.00013342,             0.00013342,             0.00013342
                    133,                  1.005,                0.59478,                 1.2566,                0.97023,                0.97443,                0.96903,                0.68178,                 1.1266,                0.42123,                 1.1725,             0.00012675,             0.00012675,             0.00012675
                    134,                 1.0258,                0.61794,                 1.2682,                0.96996,                0.97837,                0.97067,                0.67819,                 1.1057,                0.41938,                 1.1737,             0.00012009,             0.00012009,             0.00012009
